SourceFile,GPSPosition
./20170313-180536-DSCF4779.jpg,"50.054464 N, 9.1137766 E"
./20170329-165427-DSCF4795.jpg,"50.2031599 N, 8.615272 E"
./20170403-163956-DSCF4838.jpg,"50.099175 N, 8.749723 E"
./20170529-155643-DSCF5012.jpg,"50.070042 N, 8.713580 E"
./20170612-162213-DSCF5091.jpg,"50.076115 N, 8.774494 E"
./20170821-180935-DSCF5738.jpg,"50.078565 N, 8.781443 E"
